prize_diff_clipped,n,wins,win_rate,ci_lo,ci_hi
-4,10803,1247,0.11543089882440064,0.10954137941424744,0.1215938303402844
-3,17723,2674,0.15087739096089828,0.14568339151486223,0.1562227077645492
-2,33714,9179,0.2722607818710328,0.26753542199531394,0.27703803611120964
-1,61240,28221,0.4608262573481385,0.45688088933831883,0.46477653980636124
0,131051,73564,0.5613387154619194,0.5586502940952319,0.5640235407949702
1,40581,28096,0.6923437076464355,0.6878352411474793,0.6968157611617178
2,18544,15729,0.8481988783433995,0.8429621435895637,0.8532913762809101
3,9466,8447,0.8923515740545109,0.8859479100121314,0.8984369101098865
4,4941,4373,0.885043513458814,0.8758487896066842,0.8936399640876709
