family,n_features,brier_increase,brier_increase_sd
prizes,4,0.02385235789974503,7.930027305410327e-05
hit_points,14,0.020967927315654177,9.4049977961112e-05
card_economy,9,0.012463236906511863,0.0002563377307909169
energy_and_evolution,9,0.006100846718265117,0.00012020772595114465
board_presence,11,0.002929369265652524,7.943792515640598e-05
decision_menu,13,0.0014536126303137942,2.5346684372333375e-05
tempo_and_turn,8,0.0008202151996631879,0.0001179935880893453
status_conditions,12,0.0,0.0
clock,1,-0.0005211343315368785,5.5086090049744795e-05
